<?xml version="1.0" ?>
<!-- Copyright (c) 2016-Present Webkul Software Pvt. Ltd. (<https://webkul.com/>) -->
<!-- See LICENSE file for full copyright and licensing details. -->
<!-- License URL : https://store.webkul.com/license.html/ -->

<odoo>
    <data noupdate="1">
        <!--Email template for seller_product_approval-->
        <record id="marketplace_template_for_order_to_seller" model="mail.template">
            <field name="name">Notification Mail to Seller When Order Confirmed For Marketplace Product</field>
            <field name="email_from">{{ (object.company_id.email or ctx.get('company') and ctx.get('company').email or '') }}</field>
            <field name="subject">Order {{object.name}} Confirmation</field>
            <field name="email_to">{{ (ctx.get("seller").email or '') }}</field>
            <field name="model_id" ref="odoo_marketplace.model_sale_order"/>
            <field name="auto_delete" eval="True"/>
            <field name="lang">{{object.partner_id.lang}}</field>
            <field name="body_html" type="html">               
<div style="font-family: 'Lucica Grande', Ubuntu, Arial, Verdana, sans-serif; font-size: 12px; color: rgb(34, 34, 34); background-color: #FFF; ">
<t t-set="product_list" t-value="object.get_seller_product_list(ctx.get('seller'))"/>
    <p>Dear, <t t-out="ctx.get('seller').name"/>,</p>
    <p>A Sale Order 
        <b><t t-out="object.name or ''"/></b>
        consisting of your product(s) 
        <b><t t-out="product_list or '--not found---'"/></b> 
        has been confirmed.Please prepare your product(s) for delivery.
    </p>
    <p>Thanks</p>
</div>
            </field>
        </record>
    </data>
</odoo>
