<?xml version="1.0" ?>
<!-- Copyright (c) 2016-Present Webkul Software Pvt. Ltd. (<https://webkul.com/>) -->
<!-- See LICENSE file for full copyright and licensing details. -->
<!-- License URL : https://store.webkul.com/license.html/ -->

<odoo>
    <data noupdate="1">
        <!--Email template for seller_product_approval-->
        <record id="marketplace_template_for_product_status_changeto_admin" model="mail.template">
            <field name="name">Seller Product Approval Request Mail To Admin</field>
            <field name="email_from">{{ (object.marketplace_seller_id.email or '') }}</field>
            <field name="subject">Seller {{object.marketplace_seller_id.name}} requesting for product approval.</field>
            <field name="email_to">{{ (object.company_id.email or ctx.get('company') and ctx.get('company').email or '') }}</field>
            <field name="model_id" ref="odoo_marketplace.model_product_template"/>
            <field name="auto_delete" eval="True"/>
            <field name="lang">{{object.marketplace_seller_id.lang}}</field>
            <field name="body_html" type="html">
<div style="font-family: 'Lucica Grande', Ubuntu, Arial, Verdana, sans-serif; font-size: 12px; color: rgb(34, 34, 34); background-color: #FFF; ">
    <p>Hello <t t-out="object.company_id and object.company_id.partner_id.name or ctx.get('company') and ctx.get('company').partner_id.name"/>,</p>
    <p>Seller <t t-out="object.marketplace_seller_id.name"/>, requesting for approval a new product "<t t-out="object.name"/>" on your shop.</p>
    <p>Thanks</p>
</div>
            </field>
        </record>
    </data>
</odoo>
