<?xml version="1.0" ?>
<!-- Copyright (c) 2016-Present Webkul Software Pvt. Ltd. (<https://webkul.com/>) -->
<!-- See LICENSE file for full copyright and licensing details. -->
<!-- License URL : https://store.webkul.com/license.html/ -->

<odoo>
    <data noupdate="1">
        <!--Email template for seller_product_approval-->
        <record id="marketplace_template_for_product_status_change_to_seller" model="mail.template">
            <field name="name">Seller Product Request Mail By Admin To Seller</field>
            <field name="email_from">{{ (object.company_id.email or ctx.get('company') and ctx.get('company').email or '') }}</field>
            <field name="subject">Your Request For the Product has been {{object.status}}</field>
            <field name="email_to">{{ (object.marketplace_seller_id.email or '') }}</field>
            <field name="model_id" ref="odoo_marketplace.model_product_template"/>
            <field name="auto_delete" eval="True"/>
            <field name="lang">{{object.marketplace_seller_id.lang}}</field>
            <field name="body_html" type="html">
<div style="font-family: 'Lucica Grande', Ubuntu, Arial, Verdana, sans-serif; font-size: 12px; color: rgb(34, 34, 34); background-color: #FFF; ">
    <t t-if="object.status=='approved'">
        <p>Hello <t t-out="object.marketplace_seller_id.name or ''"/>,</p>
        <p>Congratulations!!!! Your request for uploading the product <t t-out="object.name"/> on our shop has been approved.</p>
    </t>
    <t t-if="object.status=='rejected'">
        <p>Hello <t t-out="object.marketplace_seller_id.name or ''"/>,</p>
        <p>Sorry To Say....!!!! Your request for uploading the product <t t-out="object.name"/> on our shop has been rejected.</p>
    </t>
</div>
            </field>
        </record>
    </data>
</odoo>
