<?xml version="1.0" ?>
<!-- Copyright (c) 2016-Present Webkul Software Pvt. Ltd. (<https://webkul.com/>) -->
<!-- See LICENSE file for full copyright and licensing details. -->
<!-- License URL : https://store.webkul.com/license.html/ -->

<odoo>
    <data noupdate="1">
        <!--Email template for seller regarding approval-->
        <record id="marketplace_email_template_for_admin_by_seller" model="mail.template">
            <field name="name">Seller Request Mail By Seller To Admin</field>
            <field name="email_from">{{ (object.email or '') }}</field>
            <field name="subject">Request For Seller Registration</field>
            <field name="email_to">{{ (object.company_id.email or ctx.get('company') and ctx.get('company').email or '') }}</field>
            <field name="model_id" ref="odoo_marketplace.model_res_partner"/>
            <field name="auto_delete" eval="True"/>
            <field name="lang">{{object.lang}}</field>
            <field name="body_html" type="html">
<div style="font-family: 'Lucica Grande', Ubuntu, Arial, Verdana, sans-serif; font-size: 12px; color: rgb(34, 34, 34); background-color: #FFF; ">

    <p>Hello <t t-out="object.company_id.partner_id.name or ctx.get('company').partner_id.name or ''"/>,</p>
    <p><b><t t-out="object.name"/></b>, has requested to become a seller on your shop.</p>
</div>
            </field>
        </record>
    </data>
</odoo>
