id,name,model_id:id,group_id:id,perm_read,perm_write,perm_create,perm_unlink

all_channel_synchronization,channel.synchronization,model_channel_synchronization,,1,0,0,0
user_channel_synchronization,channel.synchronization,model_channel_synchronization,odoo_multi_channel_sale.group_multi_channel_user,1,1,1,0
manager_channel_synchronization,channel.synchronization,model_channel_synchronization,odoo_multi_channel_sale.group_multi_channel_admin,1,1,1,1

manager_extra_categ_synchronization,extra.categories,model_extra_categories,odoo_multi_channel_sale.group_multi_channel_admin,1,1,1,1
user_extra_categ_synchronization,extra.categories,model_extra_categories,odoo_multi_channel_sale.group_multi_channel_user,1,1,1,0
user_extra_categ_synchronization_user,extra.categories,model_extra_categories,,1,0,0,0

all_multi_channel_sale,multi.channel.sale,model_multi_channel_sale,,1,0,0,0
user_multi_channel_sale,multi.channel.sale,model_multi_channel_sale,odoo_multi_channel_sale.group_multi_channel_user,1,1,1,0
manager_multi_channel_sale,multi.channel.sale,model_multi_channel_sale,odoo_multi_channel_sale.group_multi_channel_admin,1,1,1,1

all_channel_order_states,channel.order.states,model_channel_order_states,,1,0,0,0
user_channel_order_states,channel.order.states,model_channel_order_states,odoo_multi_channel_sale.group_multi_channel_user,1,1,1,0
manager_channel_order_states,channel.order.states,model_channel_order_states,odoo_multi_channel_sale.group_multi_channel_admin,1,1,1,1



all_multi_channel_skeleton,multi.channel.skeleton,model_multi_channel_skeleton,,1,0,0,0
user_multi_channel_skeleton,multi.channel.skeleton,model_multi_channel_skeleton,odoo_multi_channel_sale.group_multi_channel_user,1,1,1,0
manager_multi_channel_skeleton,multi.channel.skeleton,model_multi_channel_skeleton,odoo_multi_channel_sale.group_multi_channel_admin,1,1,1,1

access_channel_mappings,access_channel_mappings,model_channel_mappings,base.group_user,1,0,0,0

all_account_mappings,channel.account.mappings,model_channel_account_mappings,,1,0,0,0
user_account_mappings,channel.account.mappings,model_channel_account_mappings,odoo_multi_channel_sale.group_multi_channel_user,1,1,1,0
manager_account_mappings,channel.account.mappings,model_channel_account_mappings,odoo_multi_channel_sale.group_multi_channel_admin,1,1,1,1

all_account_journal_mappings,channel.account.journal.mappings,model_channel_account_journal_mappings,,1,0,0,0
user_account_journal_mappings,channel.account.journal.mappings,model_channel_account_journal_mappings,odoo_multi_channel_sale.group_multi_channel_user,1,1,1,0
manager_account_journal_mappings,channel.account.journal.mappings,model_channel_account_journal_mappings,odoo_multi_channel_sale.group_multi_channel_admin,1,1,1,1


all_category_mappings,channel.category.mappings,model_channel_category_mappings,,1,0,0,0
user_category_mappings,channel.category.mappings,model_channel_category_mappings,odoo_multi_channel_sale.group_multi_channel_user,1,1,1,0
manager_category_mappings,channel.category.mappings,model_channel_category_mappings,odoo_multi_channel_sale.group_multi_channel_admin,1,1,1,1

all_partner_mappings,channel.partner.mappings,model_channel_partner_mappings,,1,0,0,0
user_partner_mappings,channel.partner.mappings,model_channel_partner_mappings,odoo_multi_channel_sale.group_multi_channel_user,1,1,1,0
manager_partner_mappings,channel.partner.mappings,model_channel_partner_mappings,odoo_multi_channel_sale.group_multi_channel_admin,1,1,1,1

all_order_mappings,channel.order.mappings,model_channel_order_mappings,,1,0,0,0
user_order_mappings,channel.order.mappings,model_channel_order_mappings,odoo_multi_channel_sale.group_multi_channel_user,1,1,1,0
manager_order_mappings,channel.order.mappings,model_channel_order_mappings,odoo_multi_channel_sale.group_multi_channel_admin,1,1,1,1

all_pricelist_mappings,channel.pricelist.mappings,model_channel_pricelist_mappings,,1,0,0,0
user_pricelist_mappings,channel.pricelist.mappings,model_channel_pricelist_mappings,odoo_multi_channel_sale.group_multi_channel_user,1,1,1,0
manager_pricelist_mappings,channel.pricelist.mappings,model_channel_pricelist_mappings,odoo_multi_channel_sale.group_multi_channel_admin,1,1,1,1

all_template_mappings,channel.template.mappings,model_channel_template_mappings,,1,0,0,0
user_template_mappings,channel.template.mappings,model_channel_template_mappings,odoo_multi_channel_sale.group_multi_channel_user,1,1,1,0
manager_template_mappings,channel.template.mappings,model_channel_template_mappings,odoo_multi_channel_sale.group_multi_channel_admin,1,1,1,1

all_product_mappings,channel.product.mappings,model_channel_product_mappings,,1,0,0,0
user_product_mappings,channel.product.mappings,model_channel_product_mappings,odoo_multi_channel_sale.group_multi_channel_user,1,1,1,0
manager_product_mappings,channel.product.mappings,model_channel_product_mappings,odoo_multi_channel_sale.group_multi_channel_admin,1,1,1,1

all_shipping_mappings,channel.shipping.mappings,model_channel_shipping_mappings,,1,0,0,0
user_shipping_mappings,channel.shipping.mappings,model_channel_shipping_mappings,odoo_multi_channel_sale.group_multi_channel_user,1,1,1,0
manager_shipping_mappings,channel.shipping.mappings,model_channel_shipping_mappings,odoo_multi_channel_sale.group_multi_channel_admin,1,1,1,1

all_attribute_mappings,channel.attribute.mappings,model_channel_attribute_mappings,,1,0,0,0
user_attribute_mappings,channel.attribute.mappings,model_channel_attribute_mappings,odoo_multi_channel_sale.group_multi_channel_user,1,1,1,0
manager_attribute_mappings,channel.attribute.mappings,model_channel_attribute_mappings,odoo_multi_channel_sale.group_multi_channel_admin,1,1,1,1

all_attribute_value_mappings,channel.attribute.value.mappings,model_channel_attribute_value_mappings,,1,0,0,0
user_attribute_value_mappings,channel.attribute.value.mappings,model_channel_attribute_value_mappings,odoo_multi_channel_sale.group_multi_channel_user,1,1,1,0
manager_attribute_value_mappings,channel.attribute.value.mappings,model_channel_attribute_value_mappings,odoo_multi_channel_sale.group_multi_channel_admin,1,1,1,1

access_wk_feed,access_wk_feed,model_wk_feed,base.group_user,1,0,0,0

all_category_feed,category.feed,model_category_feed,,1,0,0,0
user_category_feed,category.feed,model_category_feed,odoo_multi_channel_sale.group_multi_channel_user,1,1,1,0
manager_category_feed,category.feed,model_category_feed,odoo_multi_channel_sale.group_multi_channel_admin,1,1,1,1

all_product_feed,product.feed,model_product_feed,,1,0,0,0
user_product_feed,product.feed,model_product_feed,odoo_multi_channel_sale.group_multi_channel_user,1,1,1,0
manager_product_feed,product.feed,model_product_feed,odoo_multi_channel_sale.group_multi_channel_admin,1,1,1,1

all_product_variant_feed,product.variant.feed,model_product_variant_feed,,1,0,0,0
user_product_variant_feed,product.variant.feed,model_product_variant_feed,odoo_multi_channel_sale.group_multi_channel_user,1,1,1,1
manager_product_variant_feed,product.variant.feed,model_product_variant_feed,odoo_multi_channel_sale.group_multi_channel_admin,1,1,1,1

all_partner_feed,partner.feed,model_partner_feed,,1,0,0,0
user_partner_feed,partner.feed,model_partner_feed,odoo_multi_channel_sale.group_multi_channel_user,1,1,1,0
manager_partner_feed,partner.feed,model_partner_feed,odoo_multi_channel_sale.group_multi_channel_admin,1,1,1,1

all_order_feed,order.feed,model_order_feed,,1,0,0,0
user_order_feed,order.feed,model_order_feed,odoo_multi_channel_sale.group_multi_channel_user,1,1,1,0
manager_order_feed,order.feed,model_order_feed,odoo_multi_channel_sale.group_multi_channel_admin,1,1,1,1

all_order_line_feed,order.line.feed,model_order_line_feed,,1,0,0,0
user_order_line_feed,order.line.feed,model_order_line_feed,odoo_multi_channel_sale.group_multi_channel_user,1,1,1,0
manager_order_line_feed,order.line.feed,model_order_line_feed,odoo_multi_channel_sale.group_multi_channel_admin,1,1,1,1

all_shipping_feed,shipping.feed,model_shipping_feed,,1,0,0,0
user_shipping_feed,shipping.feed,model_shipping_feed,odoo_multi_channel_sale.group_multi_channel_user,1,1,1,0
manager_shipping_feed,shipping.feed,model_shipping_feed,odoo_multi_channel_sale.group_multi_channel_admin,1,1,1,1

all_channel_operation,channel.operation,model_channel_operation,,1,0,0,0
user_channel_operation,channel.operation,model_channel_operation,odoo_multi_channel_sale.group_multi_channel_user,1,1,1,0
manager_channel_operation,channel.operation,model_channel_operation,odoo_multi_channel_sale.group_multi_channel_admin,1,1,1,1

all_feed_sync_wizard,feed.sync.wizard,model_feed_sync_wizard,,1,0,0,0
user_feed_sync_wizard,feed.sync.wizard,model_feed_sync_wizard,odoo_multi_channel_sale.group_multi_channel_user,1,1,1,0
manager_feed_sync_wizard,feed.sync.wizard,model_feed_sync_wizard,odoo_multi_channel_sale.group_multi_channel_admin,1,1,1,1

all_update_mapping_wizard,update.mapping.wizard,model_update_mapping_wizard,,1,0,0,0
user_update_mapping_wizard,update.mapping.wizard,model_update_mapping_wizard,odoo_multi_channel_sale.group_multi_channel_user,1,1,1,0
manager_update_mapping_wizard,update.mapping.wizard,model_update_mapping_wizard,odoo_multi_channel_sale.group_multi_channel_admin,1,1,1,1

all_export_attributes,export.attributes,model_export_attributes,,1,0,0,0
user_export_attributes,export.attributes,model_export_attributes,odoo_multi_channel_sale.group_multi_channel_user,1,1,1,0
manager_export_attributes,export.attributes,model_export_attributes,odoo_multi_channel_sale.group_multi_channel_admin,1,1,1,1

all_export_attributes_value,export.attributes.value,model_export_attributes_value,,1,0,0,0
user_export_attributes_value,export.attributes.value,model_export_attributes_value,odoo_multi_channel_sale.group_multi_channel_user,1,1,1,0
manager_export_attributes_value,export.attributes.value,model_export_attributes_value,odoo_multi_channel_sale.group_multi_channel_admin,1,1,1,1

all_export_categories,export.categories,model_export_categories,,1,0,0,0
user_export_categories,export.categories,model_export_categories,odoo_multi_channel_sale.group_multi_channel_user,1,1,1,0
manager_export_categories,export.categories,model_export_categories,odoo_multi_channel_sale.group_multi_channel_admin,1,1,1,1

all_export_operation,export.operation,model_export_operation,,1,0,0,0
user_export_operation,export.operation,model_export_operation,odoo_multi_channel_sale.group_multi_channel_user,1,1,1,0
manager_export_operation,export.operation,model_export_operation,odoo_multi_channel_sale.group_multi_channel_admin,1,1,1,1

all_export_orders,export.orders,model_export_orders,,1,0,0,0
user_export_orders,export.orders,model_export_orders,odoo_multi_channel_sale.group_multi_channel_user,1,1,1,0
manager_export_orders,export.orders,model_export_orders,odoo_multi_channel_sale.group_multi_channel_admin,1,1,1,1

all_export_partners,export.partners,model_export_partners,,1,0,0,0
user_export_partners,export.partners,model_export_partners,odoo_multi_channel_sale.group_multi_channel_user,1,1,1,0
manager_export_partners,export.partners,model_export_partners,odoo_multi_channel_sale.group_multi_channel_admin,1,1,1,1

all_export_products,export.products,model_export_products,,1,0,0,0
user_export_products,export.products,model_export_products,odoo_multi_channel_sale.group_multi_channel_user,1,1,1,0
manager_export_products,export.products,model_export_products,odoo_multi_channel_sale.group_multi_channel_admin,1,1,1,1

all_export_templates,export.templates,model_export_templates,,1,0,0,0
user_export_templates,export.templates,model_export_templates,odoo_multi_channel_sale.group_multi_channel_user,1,1,1,0
manager_export_templates,export.templates,model_export_templates,odoo_multi_channel_sale.group_multi_channel_admin,1,1,1,1

all_import_attributes,import.attributes,model_import_attributes,,1,0,0,0
user_import_attributes,import.attributes,model_import_attributes,odoo_multi_channel_sale.group_multi_channel_user,1,1,1,0
manager_import_attributes,import.attributes,model_import_attributes,odoo_multi_channel_sale.group_multi_channel_admin,1,1,1,1

all_import_attributes_value,import.attributes.value,model_import_attributes_value,,1,0,0,0
user_import_attributes_value,import.attributes.value,model_import_attributes_value,odoo_multi_channel_sale.group_multi_channel_user,1,1,1,0
manager_import_attributes_value,import.attributes.value,model_import_attributes_value,odoo_multi_channel_sale.group_multi_channel_admin,1,1,1,1

all_import_categories,import.categories,model_import_categories,,1,0,0,0
user_import_categories,import.categories,model_import_categories,odoo_multi_channel_sale.group_multi_channel_user,1,1,1,0
manager_import_categories,import.categories,model_import_categories,odoo_multi_channel_sale.group_multi_channel_admin,1,1,1,1

all_import_operation,import.operation,model_import_operation,,1,0,0,0
user_import_operation,import.operation,model_import_operation,odoo_multi_channel_sale.group_multi_channel_user,1,1,1,0
manager_import_operation,import.operation,model_import_operation,odoo_multi_channel_sale.group_multi_channel_admin,1,1,1,1

all_import_orders,import.orders,model_import_orders,,1,0,0,0
user_import_orders,import.orders,model_import_orders,odoo_multi_channel_sale.group_multi_channel_user,1,1,1,0
manager_import_orders,import.orders,model_import_orders,odoo_multi_channel_sale.group_multi_channel_admin,1,1,1,1

all_import_partners,import.partners,model_import_partners,,1,0,0,0
user_import_partners,import.partners,model_import_partners,odoo_multi_channel_sale.group_multi_channel_user,1,1,1,0
manager_import_partners,import.partners,model_import_partners,odoo_multi_channel_sale.group_multi_channel_admin,1,1,1,1

all_import_products,import.products,model_import_products,,1,0,0,0
user_import_products,import.products,model_import_products,odoo_multi_channel_sale.group_multi_channel_user,1,1,1,0
manager_import_products,import.products,model_import_products,odoo_multi_channel_sale.group_multi_channel_admin,1,1,1,1

all_import_templates,import.templates,model_import_templates,,1,0,0,0
user_import_templates,import.templates,model_import_templates,odoo_multi_channel_sale.group_multi_channel_user,1,1,1,0
manager_import_templates,import.templates,model_import_templates,odoo_multi_channel_sale.group_multi_channel_admin,1,1,1,1

