<?xml version="1.0" encoding="utf-8"?>
<odoo>
	<data noupdate="1">
		<record
			id="ir_category_multi_channel_security"
			model="ir.module.category">
		    <field name="name"> Multi Channel </field>
		</record>

		<record id="group_multi_channel_user" model="res.groups">
		    <field name="name">User</field>
		    <field name="category_id" ref="ir_category_multi_channel_security"/>
				<field name="implied_ids" eval="[
						(4, ref('sales_team.group_sale_salesman')),
						(4, ref('base.group_multi_currency')),
						(4, ref('product.group_sale_pricelist')),
						(4, ref('product.group_product_pricelist')),
						(4, ref('product.group_product_variant')),
						(4, ref('stock.group_stock_manager')),
				]"/>
		</record>

		<record id="group_multi_channel_admin" model="res.groups">
		    <field name="name">Manager</field>
		    <field name="category_id" ref="ir_category_multi_channel_security"/>
    		<field name="implied_ids" eval="[
						(4, ref('group_multi_channel_user')),
						(4, ref('sales_team.group_sale_manager')),
				]"/>
    		<field name="users" eval="[(4, ref('base.user_root')), (4, ref('base.user_admin'))]"/>
		</record>

		<record id="setup_action" model="ir.actions.server">
			<field name="name"></field>
			<field name="model_id" ref="wk_wizard_messages.model_wk_wizard_message"/>
			<field name="state">code</field>
			<field name="code">
env.ref('odoo_multi_channel_sale.group_multi_channel_admin').write({'users': [(4,env.user.id)]})
action = {
	'type': 'ir.actions.client',
	'tag' : 'reload',
}
			</field>
		</record>

		<record model="ir.actions.todo" id="access_rights_todo">
			<field name="name">Set Current User as (Multi-channel Manager Access)</field>
			<field name="sequence">1</field>
			<field name="state">open</field>
			<field name="action_id" ref="setup_action"/>
		</record>
	</data>
</odoo>
