<?xml version="1.0" encoding="utf-8"?>
<!-- Copyright (c) 2016-Present Webkul Software Pvt. Ltd. (<https://webkul.com/>) -->
<!-- See LICENSE file for full copyright and licensing details. -->
<!-- License URL : https://store.webkul.com/license.html/ -->

<odoo>
    <data noupdate="1">
        <record id="mp_seller_payment_product_demo_data" model="product.product">
            <field name="name">Marketplace Seller Payment</field>
            <field name="sale_ok" eval="False"/>
            <field name="purchase_ok" eval="False"/>
            <field name="type">service</field>
        </record>
    </data>
</odoo>
