<?xml version="1.0" encoding="utf-8"?>
<!-- Copyright (c) 2016-Present Webkul Software Pvt. Ltd. (<https://webkul.com/>) -->
<!-- See LICENSE file for full copyright and licensing details. -->
<!-- License URL : https://store.webkul.com/license.html/ -->

<odoo>
    <data noupdate="1">
        <record id="mp_sell_page" model="website.page">
            <field name="is_published">True</field>
            <field name="url">/seller</field>
            <field name="view_id" ref="odoo_marketplace.wk_mp_seller_landing_page"/>
            <field name="track">True</field>
        </record>

        <record id="mp_sell_menu" model="website.menu">
            <field name="name">Sell</field>
            <field name="url">/seller</field>
            <field name="page_id" ref="odoo_marketplace.mp_sell_page"/>
            <field name="parent_id" ref="website.main_menu"/>
            <field name="new_window">True</field>
            <field name="sequence" type="int">70</field>
        </record>
    </data>
</odoo>
