<?xml version="1.0" encoding="utf-8"?>
<odoo>
  <!-- Copyright (c) 2018-Present Webkul Software Pvt. Ltd. (<https://webkul.com/>) -->
	<!-- See LICENSE URL <https://store.webkul.com/license.html/> for full copyright and licensing details. -->
    <data noupdate="1">
      <record id="base.user_root" model="res.users">
        <field name="groups_id" eval="[
            (4, ref('base.group_multi_currency')),
            (4, ref('stock.group_tracking_lot')),
            (4, ref('stock.group_stock_manager')),
            (4, ref('product.group_stock_packaging'))            
        ]"/>
        </record>
			<record forcecreate= "True" id="shipping_partner" model="res.partner">
					<field name="name">Shipping</field>
			</record>
			<record forcecreate= "True" id="shipping_category" model="product.category">
					 <field name="name">Shipping</field>
				 </record>
		 </data>
 </odoo>
