<?xml version="1.0" encoding="utf-8"?>
<odoo>
	<data noupdate="1">
		<!-- Email Template login credentials -->
		<record id="email_template_login_credentials" model="mail.template">
			<field name="name">Login credentials</field>
			<field name="email_from"></field>
			<field name="subject">Login credentials</field>
			<field name="model_id" ref="model_hr_employee"/>
			<field name="auto_delete" eval="True"/>
			<field name="body_html"><![CDATA[<div style="font-family: 'Lucica Grande', Ubuntu, Arial, Verdana, sans-serif; font-size: 12px; color: rgb(34, 34, 34); background-color: #FFF; ">
			<p> Hello <b>${object.name},</b></p>
				<p>Your Account has been set up with the following user name and password.
				</p>
	            <p style="border-left: 1px solid #8e0000; margin-left: 30px;" >
	            &nbsp; Login : ${object.work_email} <br/>
	            &nbsp; Password : <b>${object.company_id.password}</b><br>
	            <br/>
	            </p>
	            <p> So please do the needful.</p>
					<br>
					<P>Thanks,<br>
					<b>${object.company_id.name},</b><br>
					</p>
			</p>
			]]>
			 </field>
		</record>
	</data>
</odoo>
	