<?xml version="1.0" encoding="utf-8"?>
<odoo>
    <data noupdate="0">
        <record id="payment_acquirer_clictopay" model="payment.acquirer">
            <field name="name">ClicToPay</field>
            <field name="provider">clictopay</field>
            <field name="image" type="base64" file="payment_clictopay/static/src/img/clictopay-logo.png"/>
            <field name="company_id" ref="base.main_company"/>
            <field name="view_template_id" ref="payment_clictopay.clictopay_form"/>
            <field name="environment">test</field>
            <field name="website_published">True</field>
            <field name="clictopay_username">0402392401</field>
            <field name="clictopay_password">7WpjK7nM3</field>
            <field name="pre_msg"><![CDATA[
            <div>Testing Credential for CLICTOPAY Test Mode</div>
            <div> Card Number : 4557691111111113</div>
            <div>CVV : 375</div>
            <div>Expiry Date : 12/24</div>
            ]]>
            </field>
        </record>

    </data>
</odoo>
